Flag type,Detail
human,"RIX-086 Q2: normalized label/separator/case: raw=""Gender issues, social issues, Mental health"" -> ""Mental health, Gender issues, Social issues"""
human,"PHIL-012 Q2: normalized label/separator/case: raw=""Gender issues, social issues, Dating/marriage"" -> ""Dating/marriage, Gender issues, Social issues"""
human,"PHIL-019 Q2: normalized label/separator/case: raw=""Gender issues, social issues, Dating/marriage"" -> ""Dating/marriage, Gender issues, Social issues"""
human,"PHIL-029 Q12: unresolved noncanonical value: raw=""Anecdotal examples"" -> ""Anecdotal examples"""
human,"KIBE-014 Q18A: normalized label/separator/case: raw=""Dominate more"" -> ""Other"""
human,"KIBE-014 Q18: unresolved noncanonical value: raw=""Other"" -> ""Other"""
human,"KIBE-052 Q18A: normalized label/separator/case: raw=""Dominate more"" -> ""Other"""
human,"KIBE-052 Q7: normalized label/separator/case: raw=""Men need to dominate/ead"" -> ""Men need to dominate/lead"""
human,"KIBE-052 Q18: unresolved noncanonical value: raw=""Other"" -> ""Other"""
human,"KIBE-077 Q11: normalized label/separator/case: raw=""Information seeking, connetion/social interaction"" -> ""Information seeking, Connection/social interaction"""
human,"KIBE-091 Q11: normalized label/separator/case: raw=""Information seeking, connetion/social interaction"" -> ""Information seeking, Connection/social interaction"""
human,"KIBE-091 Q7: normalized label/separator/case: raw=""Men need to now show emotions"" -> ""Men need to not show emotions"""
human,"1951561231522746625 Q8: normalized label/separator/case: raw=""Men's behavior, Women/feminism"" -> ""Women/feminism, Men's behavior"""
human,"1951561231522746625 Q11: normalized label/separator/case: raw=""Information seeking, connetion/social interaction"" -> ""Information seeking, Connection/social interaction"""
human,"1951561231522746625 Q7: normalized label/separator/case: raw=""Men need to dominate/lead, Men need to now show emotions"" -> ""Men need to dominate/lead, Men need to not show emotions"""
human,"1951614290114310219 Q11: normalized label/separator/case: raw=""Information seeking, connetion/social interaction"" -> ""Information seeking, Connection/social interaction"""
human,"1954835680426635741 Q11: normalized label/separator/case: raw=""Information seeking, connetion/social interaction"" -> ""Information seeking, Connection/social interaction"""
human,"1975245528242729101 Q8: normalized label/separator/case: raw=""Men's behavior, Women/feminism"" -> ""Women/feminism, Men's behavior"""
human,"1975245528242729101 Q11: normalized label/separator/case: raw=""Information seeking, connetion/social interaction"" -> ""Information seeking, Connection/social interaction"""
human,"1975245528242729101 Q1A: normalized label/separator/case: raw=""Uses all CAPS"" -> ""Use of all CAPS"""
human,"2040406554671829239 Q8: normalized label/separator/case: raw=""Men's behavior, Women/feminism"" -> ""Women/feminism, Men's behavior"""
human,"2040406554671829239 Q11: normalized label/separator/case: raw=""Information seeking, connetion/social interaction"" -> ""Information seeking, Connection/social interaction"""
human,"2040459874526433729 Q11: normalized label/separator/case: raw=""Information seeking, connetion/social interaction"" -> ""Information seeking, Connection/social interaction"""
human,"2046157177539162148 Q8: normalized label/separator/case: raw=""Men's behavior, Global political/social/cultural problems"" -> ""Global political/social/cultural problems, Men's behavior"""
human,"2046157177539162148 Q11: normalized label/separator/case: raw=""Information seeking, connetion/social interaction"" -> ""Information seeking, Connection/social interaction"""
human,"2046157177539162148 Q13: normalized label/separator/case: raw=""References external sources"" -> ""References external sources such as other influencers"""
human,"2048821238248669312 Q8: normalized label/separator/case: raw=""Men's behavior, Global political/social/cultural problems"" -> ""Global political/social/cultural problems, Men's behavior"""
human,"2048821238248669312 Q4: Q4 bare Yes -> Yes, explicitly: raw=""Yes"" -> ""Yes, explicitly"""
human,"2048821238248669312 Q11: normalized label/separator/case: raw=""Information seeking, connetion/social interaction"" -> ""Information seeking, Connection/social interaction"""
human,"1954188481585873209 Q11: normalized label/separator/case: raw=""Information seeking, connetion/social interaction"" -> ""Information seeking, Connection/social interaction"""
human,"2043969069993378270 Q8: normalized label/separator/case: raw=""Men's behavior, Women/feminism"" -> ""Women/feminism, Men's behavior"""
human,"KIBE-002 Q2: normalized label/separator/case: raw=""Mental health, Dating/marriage"" -> ""Dating/marriage, Mental health"""
human,"EDDY-036 Q2: normalized label/separator/case: raw=""Mental heath"" -> ""Mental health"""
human,"2048009544043758028 Q8: normalized label/separator/case: raw=""Men's behavior, Women/feminism"" -> ""Women/feminism, Men's behavior"""
human,"EDDY-061 Q2: normalized label/separator/case: raw=""Mental health, Fitness/self-improvement"" -> ""Fitness/self-improvement, Mental health"""
human,"EDDY-061 Q5: normalized label/separator/case: raw=""Does not address masculinity/gender norms"" -> ""Does not address masculinity or gender norms"""
human,"EDDY-012 Q8: normalized label/separator/case: raw=""Mental Health / Kenyan Cultural Problems"" -> ""Kenyan or Nigerian political/social problems, Mental health/emotional struggle"""
human,"EDDY-012 Q3: normalized label/separator/case: raw=""Commentary / Conversational Content"" -> ""Interview/conversational content, Commentary/reaction content"""
human,"EDDY-012 Q5: normalized label/separator/case: raw=""More regressive"" -> ""More regressive/traditional/restrictive"""
human,"EDDY-034 Q8: normalized label/separator/case: raw=""Mental Health / Kenyan Cultural Problems"" -> ""Kenyan or Nigerian political/social problems, Mental health/emotional struggle"""
human,"EDDY-034 Q11: normalized label/separator/case: raw=""Identity Construction"" -> ""Self expression/identity construction"""
human,"EDDY-034 Q3: normalized label/separator/case: raw=""Commentary / Conversational Content"" -> ""Interview/conversational content, Commentary/reaction content"""
human,"EDDY-034 Q5: normalized label/separator/case: raw=""More regressive"" -> ""More regressive/traditional/restrictive"""
human,"EDDY-034 Q10: normalized label/separator/case: raw=""Commentary"" -> ""Commentary/opinion"""
human,"EDDY-040 Q8: normalized label/separator/case: raw=""Mental Health / Kenyan Cultural Problems"" -> ""Kenyan or Nigerian political/social problems, Mental health/emotional struggle"""
human,"EDDY-040 Q2: normalized label/separator/case: raw=""Mental Health & Gender Issues"" -> ""Mental health, Gender issues"""
human,"EDDY-040 Q11: normalized label/separator/case: raw=""Identity Construction"" -> ""Self expression/identity construction"""
human,"EDDY-040 Q3: normalized label/separator/case: raw=""Commentary / Conversational Content"" -> ""Interview/conversational content, Commentary/reaction content"""
human,"EDDY-040 Q5: normalized label/separator/case: raw=""More progressive"" -> ""More progressive/equitable/expansive"""
human,"EDDY-040 Q7: normalized label/separator/case: raw=""Men need to be more emotionally open and heal"" -> ""Men need to be emotionally open"""
human,"EDDY-040 Q10: normalized label/separator/case: raw=""Commentary / Motivational Speech"" -> ""Commentary/opinion, Motivational speech"""
human,"EDDY-052 Q8: normalized label/separator/case: raw=""Mental Health / Kenyan Cultural Problems"" -> ""Kenyan or Nigerian political/social problems, Mental health/emotional struggle"""
human,"EDDY-052 Q11: normalized label/separator/case: raw=""Identity Construction"" -> ""Self expression/identity construction"""
human,"EDDY-052 Q3: normalized label/separator/case: raw=""Commentary / Conversational Content"" -> ""Interview/conversational content, Commentary/reaction content"""
human,"RIX-007 Q8: normalized label/separator/case: raw=""Mental Health / Kenyan Cultural Problems"" -> ""Kenyan or Nigerian political/social problems, Mental health/emotional struggle"""
human,"RIX-007 Q2: normalized label/separator/case: raw=""Money Status, Family, & Mental Health"" -> ""Family/children, Money/status, Mental health"""
human,"RIX-007 Q3: normalized label/separator/case: raw=""Commentary / Conversational Content"" -> ""Interview/conversational content, Commentary/reaction content"""
human,"RIX-009 Q8: normalized label/separator/case: raw=""Mental Health / Kenyan Cultural Problems"" -> ""Kenyan or Nigerian political/social problems, Mental health/emotional struggle"""
human,"RIX-009 Q2: normalized label/separator/case: raw=""Corruption / Family Trauma"" -> ""Family/children, Social issues"""
human,"RIX-009 Q3: normalized label/separator/case: raw=""Commentary / Conversational Content"" -> ""Interview/conversational content, Commentary/reaction content"""
human,"RIX-028 Q8: normalized label/separator/case: raw=""Kenyan Social & Cultural Problems"" -> ""Kenyan or Nigerian political/social problems"""
human,"RIX-028 Q2: normalized label/separator/case: raw=""Family / Mental Health"" -> ""Family/children, Mental health"""
human,"RIX-028 Q11: normalized label/separator/case: raw=""Identity Construction"" -> ""Self expression/identity construction"""
human,"RIX-028 Q3: normalized label/separator/case: raw=""Commentary / Self-help Content"" -> ""Motivational/self-help content, Commentary/reaction content"""
human,"RIX-028 Q10: normalized label/separator/case: raw=""Commentary / Motivational Speech"" -> ""Commentary/opinion, Motivational speech"""
human,"RIX-072 Q8: normalized label/separator/case: raw=""Mental Health / Kenyan Cultural Problems"" -> ""Kenyan or Nigerian political/social problems, Mental health/emotional struggle"""
human,"RIX-072 Q11: normalized label/separator/case: raw=""Identity Construction"" -> ""Self expression/identity construction"""
human,"RIX-072 Q3: normalized label/separator/case: raw=""Commentary Content"" -> ""Commentary/reaction content"""
human,"RIX-072 Q5: normalized label/separator/case: raw=""More regressive"" -> ""More regressive/traditional/restrictive"""
human,"RIX-072 Q10: unresolved noncanonical value: raw=""Conversational Content"" -> ""Conversational Content"""
human,"RIX-082 Q8: normalized label/separator/case: raw=""Mental Health / Kenyan Cultural Problems"" -> ""Kenyan or Nigerian political/social problems, Mental health/emotional struggle"""
human,"RIX-082 Q11: normalized label/separator/case: raw=""Identity Construction"" -> ""Self expression/identity construction"""
human,"RIX-082 Q3: normalized label/separator/case: raw=""Commentary Content"" -> ""Commentary/reaction content"""
human,"RIX-082 Q5: normalized label/separator/case: raw=""More progressive"" -> ""More progressive/equitable/expansive"""
human,"RIX-082 Q7: normalized label/separator/case: raw=""Men need to be more emotionally open and heal"" -> ""Men need to be emotionally open"""
human,"RIX-082 Q10: normalized label/separator/case: raw=""Commentary Content"" -> ""Commentary/opinion"""
human,"RIX-088 Q8: normalized label/separator/case: raw=""Mental Health / Kenyan Cultural Problems"" -> ""Kenyan or Nigerian political/social problems, Mental health/emotional struggle"""
human,"RIX-088 Q11: normalized label/separator/case: raw=""Identity Construction"" -> ""Self expression/identity construction"""
human,"RIX-088 Q3: normalized label/separator/case: raw=""Commentary Content"" -> ""Commentary/reaction content"""
human,"RIX-088 Q5: normalized label/separator/case: raw=""More progressive"" -> ""More progressive/equitable/expansive"""
human,"RIX-088 Q7: normalized label/separator/case: raw=""Men need to be more emotionally open and heal"" -> ""Men need to be emotionally open"""
human,"RIX-088 Q10: normalized label/separator/case: raw=""Commentary Content / Motivational Speech"" -> ""Commentary/opinion, Motivational speech"""
human,"PHIL-001 Q8: normalized label/separator/case: raw=""Mental Health / Kenyan Cultural Problems"" -> ""Kenyan or Nigerian political/social problems, Mental health/emotional struggle"""
human,"PHIL-001 Q2: normalized label/separator/case: raw=""Family"" -> ""Family/children"""
human,"PHIL-001 Q11: normalized label/separator/case: raw=""Identity Construction"" -> ""Self expression/identity construction"""
human,"PHIL-001 Q3: normalized label/separator/case: raw=""Conversational Content"" -> ""Interview/conversational content"""
human,"PHIL-001 Q10: unresolved noncanonical value: raw=""Conversational Content"" -> ""Conversational Content"""
human,"PHIL-002 Q8: normalized label/separator/case: raw=""Mental Health / Kenyan Cultural Problems"" -> ""Kenyan or Nigerian political/social problems, Mental health/emotional struggle"""
human,"PHIL-002 Q2: normalized label/separator/case: raw=""Mental Health / Trauma"" -> ""Mental health"""
human,"PHIL-002 Q11: normalized label/separator/case: raw=""Identity Construction"" -> ""Self expression/identity construction"""
human,"PHIL-002 Q3: normalized label/separator/case: raw=""Conversational Content"" -> ""Interview/conversational content"""
human,"PHIL-002 Q10: unresolved noncanonical value: raw=""Conversational Content"" -> ""Conversational Content"""
human,"PHIL-005 Q8: normalized label/separator/case: raw=""Mental Health / Kenyan Cultural Problems"" -> ""Kenyan or Nigerian political/social problems, Mental health/emotional struggle"""
human,"PHIL-005 Q2: normalized label/separator/case: raw=""Social Issues / Corruption"" -> ""Social issues"""
human,"PHIL-005 Q3: normalized label/separator/case: raw=""Commentary Content"" -> ""Commentary/reaction content"""
human,"PHIL-035 Q8: normalized label/separator/case: raw=""Mental Health / Kenyan Cultural Problems"" -> ""Kenyan or Nigerian political/social problems, Mental health/emotional struggle"""
human,"PHIL-035 Q2: normalized label/separator/case: raw=""Family / Social Issues"" -> ""Family/children, Social issues"""
human,"PHIL-035 Q3: normalized label/separator/case: raw=""Commentary Content"" -> ""Commentary/reaction content"""
human,"PHIL-035 Q5: normalized label/separator/case: raw=""More Progressive"" -> ""More progressive/equitable/expansive"""
human,"PHIL-036 Q8: normalized label/separator/case: raw=""Mental Health / Kenyan Cultural Problems"" -> ""Kenyan or Nigerian political/social problems, Mental health/emotional struggle"""
human,"PHIL-036 Q2: normalized label/separator/case: raw=""Social Issues / Corruption"" -> ""Social issues"""
human,"PHIL-036 Q3: normalized label/separator/case: raw=""Commentary Content"" -> ""Commentary/reaction content"""
human,"KIBE-001 Q8: normalized label/separator/case: raw=""Mental Health / Kenyan Cultural Problems"" -> ""Kenyan or Nigerian political/social problems, Mental health/emotional struggle"""
human,"KIBE-001 Q11: normalized label/separator/case: raw=""Identity Construction"" -> ""Self expression/identity construction"""
human,"KIBE-001 Q3: normalized label/separator/case: raw=""Conversational Content"" -> ""Interview/conversational content"""
human,"KIBE-001 Q5: normalized label/separator/case: raw=""More Progressive"" -> ""More progressive/equitable/expansive"""
human,"KIBE-001 Q7: normalized label/separator/case: raw=""Men need to be more emotionally open and heal"" -> ""Men need to be emotionally open"""
human,"KIBE-001 Q10: normalized label/separator/case: raw=""Commentary Content"" -> ""Commentary/opinion"""
human,"KIBE-012 Q8: normalized label/separator/case: raw=""Women / Women's Behavior"" -> ""Women/feminism"""
human,"KIBE-012 Q2: normalized label/separator/case: raw=""Dating / Sex"" -> ""Dating/marriage"""
human,"KIBE-012 Q3: normalized label/separator/case: raw=""Commentary Content"" -> ""Commentary/reaction content"""
human,"KIBE-012 Q12: normalized label/separator/case: raw=""Generalizations about women"" -> ""Generalizations about men/women"""
human,"KIBE-020 Q8: normalized label/separator/case: raw=""Women / Women's Behavior"" -> ""Women/feminism"""
human,"KIBE-020 Q3: normalized label/separator/case: raw=""Commentary Content"" -> ""Commentary/reaction content"""
human,"KIBE-020 Q5: normalized label/separator/case: raw=""More regressive"" -> ""More regressive/traditional/restrictive"""
human,"KIBE-020 Q12: normalized label/separator/case: raw=""Generalizations about women"" -> ""Generalizations about men/women"""
human,"KIBE-021 Q8: normalized label/separator/case: raw=""Women / Women's Behavior"" -> ""Women/feminism"""
human,"KIBE-021 Q3: normalized label/separator/case: raw=""Commentary Content"" -> ""Commentary/reaction content"""
human,"KIBE-021 Q5: normalized label/separator/case: raw=""More regressive"" -> ""More regressive/traditional/restrictive"""
human,"KIBE-021 Q12: normalized label/separator/case: raw=""Generalizations about women"" -> ""Generalizations about men/women"""
human,"KIBE-029 Q8: normalized label/separator/case: raw=""Women / Women's Behavior"" -> ""Women/feminism"""
human,"KIBE-029 Q3: normalized label/separator/case: raw=""Commentary Content"" -> ""Commentary/reaction content"""
human,"KIBE-029 Q5: normalized label/separator/case: raw=""More regressive"" -> ""More regressive/traditional/restrictive"""
human,"KIBE-029 Q12: normalized label/separator/case: raw=""Generalizations about women"" -> ""Generalizations about men/women"""
human,"KIBE-035 Q8: normalized label/separator/case: raw=""Women / Women's Behavior"" -> ""Women/feminism"""
human,"KIBE-035 Q3: normalized label/separator/case: raw=""Commentary Content"" -> ""Commentary/reaction content"""
human,"KIBE-035 Q5: normalized label/separator/case: raw=""More regressive"" -> ""More regressive/traditional/restrictive"""
human,"KIBE-035 Q12: normalized label/separator/case: raw=""Generalizations about women"" -> ""Generalizations about men/women"""
human,"KIBE-056 Q8: normalized label/separator/case: raw=""Women / Women's Behavior"" -> ""Women/feminism"""
human,"KIBE-056 Q3: normalized label/separator/case: raw=""Commentary Content"" -> ""Commentary/reaction content"""
human,"KIBE-056 Q5: normalized label/separator/case: raw=""More regressive"" -> ""More regressive/traditional/restrictive"""
human,"KIBE-056 Q12: normalized label/separator/case: raw=""Generalizations about women"" -> ""Generalizations about men/women"""
human,"1951568877998965117 Q8: normalized label/separator/case: raw=""Women / Women's Behavior"" -> ""Women/feminism"""
human,"1951568877998965117 Q3: normalized label/separator/case: raw=""Commentary Content"" -> ""Commentary/reaction content"""
human,"1951568877998965117 Q5: normalized label/separator/case: raw=""More regressive"" -> ""More regressive/traditional/restrictive"""
human,"1951568877998965117 Q12: normalized label/separator/case: raw=""Generalizations about women"" -> ""Generalizations about men/women"""
human,"1954158345113174097 Q8: normalized label/separator/case: raw=""Women / Women's Behavior"" -> ""Women/feminism"""
human,"1954158345113174097 Q3: normalized label/separator/case: raw=""Commentary Content"" -> ""Commentary/reaction content"""
human,"1954158345113174097 Q5: normalized label/separator/case: raw=""More regressive"" -> ""More regressive/traditional/restrictive"""
human,"1954158345113174097 Q12: normalized label/separator/case: raw=""Generalizations about women"" -> ""Generalizations about men/women"""
human,"1975078851945394590 Q8: normalized label/separator/case: raw=""Women / Women's Behavior"" -> ""Women/feminism"""
human,"1975078851945394590 Q3: normalized label/separator/case: raw=""Commentary Content"" -> ""Commentary/reaction content"""
human,"1975078851945394590 Q5: normalized label/separator/case: raw=""More regressive"" -> ""More regressive/traditional/restrictive"""
human,"1975078851945394590 Q12: normalized label/separator/case: raw=""Generalizations about women"" -> ""Generalizations about men/women"""
human,"1976936284460351491 Q8: normalized label/separator/case: raw=""Women / Women's Behavior"" -> ""Women/feminism"""
human,"1976936284460351491 Q3: normalized label/separator/case: raw=""Commentary Content"" -> ""Commentary/reaction content"""
human,"1976936284460351491 Q5: normalized label/separator/case: raw=""More regressive"" -> ""More regressive/traditional/restrictive"""
human,"1976936284460351491 Q7: normalized label/separator/case: raw=""Mixed, Not to date ""Born Again"" women"" -> ""Mixed/unclear"""
human,"1976936284460351491 Q12: normalized label/separator/case: raw=""Generalizations about women"" -> ""Generalizations about men/women"""
human,"2035341023287689308 Q8: normalized label/separator/case: raw=""Women / Women's Behavior"" -> ""Women/feminism"""
human,"2035341023287689308 Q3: normalized label/separator/case: raw=""Commentary Content"" -> ""Commentary/reaction content"""
human,"2035341023287689308 Q5: normalized label/separator/case: raw=""More regressive"" -> ""More regressive/traditional/restrictive"""
human,"2035341023287689308 Q12: normalized label/separator/case: raw=""Generalizations about women"" -> ""Generalizations about men/women"""
human,"2040414105522065830 Q8: normalized label/separator/case: raw=""Women / Women's Behavior"" -> ""Women/feminism"""
human,"2040414105522065830 Q3: normalized label/separator/case: raw=""Commentary Content"" -> ""Commentary/reaction content"""
human,"2040414105522065830 Q5: normalized label/separator/case: raw=""More regressive"" -> ""More regressive/traditional/restrictive"""
human,"2040414105522065830 Q12: normalized label/separator/case: raw=""Generalizations about women"" -> ""Generalizations about men/women"""
human,"2048016863561441660 Q8: normalized label/separator/case: raw=""Women / Women's Behavior"" -> ""Women/feminism"""
human,"2048016863561441660 Q3: normalized label/separator/case: raw=""Commentary Content"" -> ""Commentary/reaction content"""
human,"2048016863561441660 Q5: normalized label/separator/case: raw=""More regressive"" -> ""More regressive/traditional/restrictive"""
human,"2048016863561441660 Q12: normalized label/separator/case: raw=""Generalizations about women"" -> ""Generalizations about men/women"""
human,"2048031963504611687 Q8: normalized label/separator/case: raw=""Women / Women's Behavior"" -> ""Women/feminism"""
human,"2048031963504611687 Q3: normalized label/separator/case: raw=""Commentary Content"" -> ""Commentary/reaction content"""
human,"2048031963504611687 Q5: normalized label/separator/case: raw=""More regressive"" -> ""More regressive/traditional/restrictive"""
human,"2048031963504611687 Q12: normalized label/separator/case: raw=""Generalizations about women"" -> ""Generalizations about men/women"""
human,"1976981658470388103 Q8: normalized label/separator/case: raw=""Women / Women's Behavior"" -> ""Women/feminism"""
human,"1976981658470388103 Q2: normalized label/separator/case: raw=""Dating"" -> ""Dating/marriage"""
human,"1976981658470388103 Q5: normalized label/separator/case: raw=""More Regressive"" -> ""More regressive/traditional/restrictive"""
human,"1976981658470388103 Q12: normalized label/separator/case: raw=""Generalizations about women"" -> ""Generalizations about men/women"""
human,"RIX-023 Q8: normalized label/separator/case: raw=""Mental Health"" -> ""Mental health/emotional struggle"""
human,"RIX-023 Q2: normalized label/separator/case: raw=""Mental Health / Trauma"" -> ""Mental health"""
human,"RIX-023 Q10: normalized label/separator/case: raw=""Commentary Content"" -> ""Commentary/opinion"""
human,"EDDY-016 Q2: normalized label/separator/case: raw=""Gender issues, e.g. equality, Mental health"" -> ""Mental health, Gender issues"""
human,"EDDY-016 Q10: normalized label/separator/case: raw=""Commentary/opinion, Advice/instruction"" -> ""Advice/instruction, Commentary/opinion"""
human,"EDDY-028 Q2: normalized label/separator/case: raw=""Gender issues, e.g. equality, Mental health"" -> ""Mental health, Gender issues"""
human,"EDDY-028 Q10: normalized label/separator/case: raw=""Commentary/opinion, Advice/instruction"" -> ""Advice/instruction, Commentary/opinion"""
human,"EDDY-031 Q2: normalized label/separator/case: raw=""Gender issues, e.g. equality, Mental health, Family/children"" -> ""Family/children, Mental health, Gender issues"""
human,"EDDY-031 Q7: normalized label/separator/case: raw=""Men need to improve themselves, Men need to be emotionally open, Men need to provide/succeed"" -> ""Men need to provide/succeed, Men need to improve themselves, Men need to be emotionally open"""
human,"RIX-001 Q8: normalized label/separator/case: raw=""Men's behavior, Mental health/emotional struggle, Kenyan or Nigerian political/social problems, Global political/social/cultural problems"" -> ""Kenyan or Nigerian political/social problems, Global political/social/cultural problems, Men's behavior, Mental health/emotional struggle"""
human,"RIX-001 Q2: normalized label/separator/case: raw=""Gender issues, e.g. equality, Mental health, Social issues, e.g. corruption"" -> ""Mental health, Gender issues, Social issues"""
human,"RIX-015 Q2: normalized label/separator/case: raw=""Social issues, e.g. corruption, Mental health, Family/children"" -> ""Family/children, Mental health, Social issues"""
human,"RIX-015 Q1A: normalized label/separator/case: raw=""Shares something surprising, Shares something violent or gross"" -> ""Shares something violent or gross, Shares something surprising"""
human,"RIX-054 Q2: normalized label/separator/case: raw=""Mental health, Family/children"" -> ""Family/children, Mental health"""
human,"RIX-054 Q1A: normalized label/separator/case: raw=""Shares something surprising, Shares something violent or gross"" -> ""Shares something violent or gross, Shares something surprising"""
human,"RIX-068 Q8: normalized label/separator/case: raw=""Men's behavior, Mental health/emotional struggle, Kenyan or Nigerian political/social problems"" -> ""Kenyan or Nigerian political/social problems, Men's behavior, Mental health/emotional struggle"""
human,"RIX-068 Q2: normalized label/separator/case: raw=""Mental health, Friends/socializing, Religion/morality"" -> ""Friends/socializing, Mental health, Religion/morality"""
human,"RIX-068 Q1A: normalized label/separator/case: raw=""Shares something surprising, Shares something sexual"" -> ""Shares something sexual, Shares something surprising"""
human,"RIX-069 Q8: normalized label/separator/case: raw=""Men's behavior, Mental health/emotional struggle, Kenyan or Nigerian political/social problems"" -> ""Kenyan or Nigerian political/social problems, Men's behavior, Mental health/emotional struggle"""
human,"RIX-069 Q2: normalized label/separator/case: raw=""Gender issues, e.g. equality, Mental health, Social issues, e.g. corruption"" -> ""Mental health, Gender issues, Social issues"""
human,"RIX-079 Q8: normalized label/separator/case: raw=""Men's behavior, Mental health/emotional struggle, Kenyan or Nigerian political/social problems, Global political/social/cultural problems"" -> ""Kenyan or Nigerian political/social problems, Global political/social/cultural problems, Men's behavior, Mental health/emotional struggle"""
human,"RIX-079 Q2: normalized label/separator/case: raw=""Gender issues, e.g. equality, Mental health, Social issues, e.g. corruption"" -> ""Mental health, Gender issues, Social issues"""
human,"PHIL-008 Q2: normalized label/separator/case: raw=""Gender issues, e.g. equality, Family/Children, Social issues, e.g. corruption"" -> ""Family/children, Gender issues, Social issues"""
human,"PHIL-008 Q9: normalized label/separator/case: raw=""More equality/respect for women, Social or political change"" -> ""Social or political change, More equality/respect for women"""
human,"PHIL-008 Q1A: normalized label/separator/case: raw=""Shares something surprising, Shares something violent or gross"" -> ""Shares something violent or gross, Shares something surprising"""
human,"PHIL-009 Q2: normalized label/separator/case: raw=""Gender issues, e.g. equality"" -> ""Gender issues"""
human,"PHIL-013 Q2: normalized label/separator/case: raw=""Gender issues, e.g. equality, Family/Children, Dating/marriage"" -> ""Dating/marriage, Family/children, Gender issues"""
human,"PHIL-025 Q2: normalized label/separator/case: raw=""Gender issues, e.g. equality, Family/Children"" -> ""Family/children, Gender issues"""
human,"PHIL-025 Q9: normalized label/separator/case: raw=""More emotional growth/healing, Building community, Social or political change"" -> ""Social or political change, More emotional growth/healing, Building community"""
human,"PHIL-037 Q2: normalized label/separator/case: raw=""Family/children, Social issues, e.g. corruption"" -> ""Family/children, Social issues"""
human,"KIBE-016 Q2: normalized label/separator/case: raw=""Family/children, Gender issues, e.g. equality"" -> ""Family/children, Gender issues"""
human,"KIBE-016 Q11: normalized label/separator/case: raw=""Self expression/identity construction, Connection/social interaction"" -> ""Connection/social interaction, Self expression/identity construction"""
human,"KIBE-016 Q10: normalized label/separator/case: raw=""Commentary/opinion, Advice/instruction, Personal story"" -> ""Advice/instruction, Personal story, Commentary/opinion"""
human,"KIBE-019 Q2: normalized label/separator/case: raw=""Gender issues, e.g. equality, Family/children, Social issues, e.g. corruption"" -> ""Family/children, Gender issues, Social issues"""
human,"KIBE-019 Q7: normalized label/separator/case: raw=""Men need to be fully self-reliant, Men need to dominate/lead"" -> ""Men need to dominate/lead, Men need to be fully self-reliant"""
human,"KIBE-024 Q2: normalized label/separator/case: raw=""Gender issues, e.g. equality, Family/children, Social issues, e.g. corruption"" -> ""Family/children, Gender issues, Social issues"""
human,"KIBE-024 Q11: normalized label/separator/case: raw=""Self expression/identity construction, Connection/social interaction"" -> ""Connection/social interaction, Self expression/identity construction"""
human,"KIBE-024 Q10: normalized label/separator/case: raw=""Commentary/opinion, Advice/instruction"" -> ""Advice/instruction, Commentary/opinion"""
human,"KIBE-049 Q2: normalized label/separator/case: raw=""Dating/marriage, Gender issues, e.g. equality"" -> ""Dating/marriage, Gender issues"""
human,"KIBE-049 Q7: normalized label/separator/case: raw=""Men need to dominate/lead, Men need to be fully self-reliant, Men are disadvantaged/victims"" -> ""Men need to dominate/lead, Men are disadvantaged/victims, Men need to be fully self-reliant"""
human,"KIBE-049 Q10: normalized label/separator/case: raw=""Commentary/opinion, Advice/instruction"" -> ""Advice/instruction, Commentary/opinion"""
human,"KIBE-050 Q2: normalized label/separator/case: raw=""Gender issues, e.g. equality"" -> ""Gender issues"""
human,"KIBE-050 Q10: normalized label/separator/case: raw=""Commentary/opinion, Advice/instruction"" -> ""Advice/instruction, Commentary/opinion"""
human,"KIBE-051 Q2: normalized label/separator/case: raw=""Gender issues, e.g. equality, Dating/marriage"" -> ""Dating/marriage, Gender issues"""
human,"KIBE-051 Q1A: normalized label/separator/case: raw=""Shares something surprising, Humor or sarcasm, Compelling question"" -> ""Compelling question, Humor or sarcasm, Shares something surprising"""
human,"KIBE-051 Q10: normalized label/separator/case: raw=""Commentary/opinion, Advice/instruction, Humor/satire"" -> ""Advice/instruction, Commentary/opinion, Humor/satire"""
human,"KIBE-054 Q2: normalized label/separator/case: raw=""Gender issues, e.g. equality, Money/status"" -> ""Money/status, Gender issues"""
human,"KIBE-054 Q10: normalized label/separator/case: raw=""Commentary/opinion, Advice/instruction"" -> ""Advice/instruction, Commentary/opinion"""
human,"KIBE-071 Q2: normalized label/separator/case: raw=""Gender issues, e.g. equality, Family/children"" -> ""Family/children, Gender issues"""
human,"KIBE-071 Q7: normalized label/separator/case: raw=""Men are disadvantaged/victims, Men need to dominate/lead"" -> ""Men need to dominate/lead, Men are disadvantaged/victims"""
human,"KIBE-071 Q10: normalized label/separator/case: raw=""Commentary/opinion, Advice/instruction"" -> ""Advice/instruction, Commentary/opinion"""
human,"1954098073262522452 Q2: normalized label/separator/case: raw=""Gender issues, e.g. equality, Dating/marriage, Mental health"" -> ""Dating/marriage, Mental health, Gender issues"""
human,"1954098073262522452 Q11: normalized label/separator/case: raw=""Self expression/identity construction, Connection/social interaction, Information seeking"" -> ""Information seeking, Connection/social interaction, Self expression/identity construction"""
human,"1954098073262522452 Q7: normalized label/separator/case: raw=""Men need to dominate/lead, Men need to be fully self-reliant, Men are disadvantaged/victims"" -> ""Men need to dominate/lead, Men are disadvantaged/victims, Men need to be fully self-reliant"""
human,"1954196373861003731 Q2: normalized label/separator/case: raw=""Gender issues, e.g. equality, Friends/socializing"" -> ""Friends/socializing, Gender issues"""
human,"1954196373861003731 Q11: normalized label/separator/case: raw=""Self expression/identity construction, Status seeking, Information seeking"" -> ""Information seeking, Self expression/identity construction, Status seeking"""
human,"1954196373861003731 Q7: normalized label/separator/case: raw=""Men need to be fully self-reliant, Men need to not show emotions, Men need to provide/succeed"" -> ""Men need to provide/succeed, Men need to be fully self-reliant, Men need to not show emotions"""
human,"1962749588588187787 Q11: normalized label/separator/case: raw=""Self expression/identity construction, Status seeking, Information seeking"" -> ""Information seeking, Self expression/identity construction, Status seeking"""
human,"1962749588588187787 Q10: normalized label/separator/case: raw=""Advice/instruction, Motivational speech, Commentary/opinion"" -> ""Advice/instruction, Commentary/opinion, Motivational speech"""
human,"1969363662281314544 Q8: normalized label/separator/case: raw=""Economic/status pressure, Mental health/emotional struggle, Women/Feminism"" -> ""Women/feminism, Economic/status pressure, Mental health/emotional struggle"""
human,"1969363662281314544 Q11: normalized label/separator/case: raw=""Self expression/identity construction, Status seeking, Information seeking"" -> ""Information seeking, Self expression/identity construction, Status seeking"""
human,"1969363662281314544 Q3: normalized label/separator/case: raw=""Commentary/reaction content, Motivational/self-help content"" -> ""Motivational/self-help content, Commentary/reaction content"""
human,"1969363662281314544 Q13: normalized label/separator/case: raw=""References data, Presented as common sense, Anecdotal examples"" -> ""Anecdotal examples, Presented as common sense, References data"""
human,"1969363662281314544 Q7: normalized label/separator/case: raw=""Men need to be fully self-reliant, Men are disadvantaged/victims, Men need to not show emotions, Men need to provide/succeed"" -> ""Men need to provide/succeed, Men are disadvantaged/victims, Men need to be fully self-reliant, Men need to not show emotions"""
human,"1969363662281314544 Q10: normalized label/separator/case: raw=""Advice/instruction, News/telling facts, Commentary/opinion"" -> ""Advice/instruction, Commentary/opinion, News/telling facts"""
human,"1969363662281314544 Q12: normalized label/separator/case: raw=""Facts/statistics, Generalizations about men/women, Cultural/social observations"" -> ""Generalizations about men/women, Cultural/social observations, Facts/statistics"""
human,"2039762097798520881 Q9: normalized label/separator/case: raw=""Assert dominance/control, More equality/respect for men, More self-discipline/fitness"" -> ""Assert dominance/control, More self-discipline/fitness, More equality/respect for men"""
human,"2039762097798520881 Q7: normalized label/separator/case: raw=""Men need to be fully self-reliant, Men need to improve themselves, Men are disadvantaged/victims"" -> ""Men are disadvantaged/victims, Men need to improve themselves, Men need to be fully self-reliant"""
human,"2039762097798520881 Q12: normalized label/separator/case: raw=""Stories about men/women, Generalizations about men/women"" -> ""Generalizations about men/women, Stories about men/women"""
human,"2040368802852962653 Q2: normalized label/separator/case: raw=""Dating/marriage, Family/children, Gender issues, e.g. equality"" -> ""Dating/marriage, Family/children, Gender issues"""
human,"2040368802852962653 Q7: normalized label/separator/case: raw=""Men need to be dominant/lead, Men are disadvantaged/victims, Men need to provide/succeed"" -> ""Men need to provide/succeed, Men are disadvantaged/victims"""
human,"2046177081617166630 Q2: normalized label/separator/case: raw=""Gender issues, e.g. equality, Dating/marriage, Mental health, Social issues, e.g. corruption"" -> ""Dating/marriage, Mental health, Gender issues, Social issues"""
human,"2046177081617166630 Q11: normalized label/separator/case: raw=""Self expression/identity construction, Connection/social interaction, Status seeking"" -> ""Connection/social interaction, Self expression/identity construction, Status seeking"""
human,"2046177081617166630 Q7: normalized label/separator/case: raw=""Men need to dominate/lead, Men need to be fully self-reliant, Men need to not show emotions, Men need to improve themselves, Other"" -> ""Men need to dominate/lead, Men need to improve themselves, Men need to be fully self-reliant, Men need to not show emotions, Other"""
human,"2046177081617166630 Q10: normalized label/separator/case: raw=""Advice/instruction, Commentary/opinion, Personal story"" -> ""Advice/instruction, Personal story, Commentary/opinion"""
human,"2046177081617166630 Q12: normalized label/separator/case: raw=""Personal experience, Stories about men/women, Generalizations about men/women"" -> ""Generalizations about men/women, Personal experience, Stories about men/women"""
human,"KIBE-006 Q8: normalized label/separator/case: raw=""Men's behavior, Global political/social/cultural problems"" -> ""Global political/social/cultural problems, Men's behavior"""
human,"KIBE-006 Q2: normalized label/separator/case: raw=""Social issues, e.g. corruption"" -> ""Social issues"""
human,"KIBE-006 Q9: normalized label/separator/case: raw=""More equality/respect for men, Social or political change"" -> ""Social or political change, More equality/respect for men"""
human,"EDDY-057 Q8: normalized label/separator/case: raw=""Mental health/emotional struggle, Men's behavior"" -> ""Men's behavior, Mental health/emotional struggle"""
human,"EDDY-057 Q2: normalized label/separator/case: raw=""Mental health, Friends/socializing, Gender issues, e.g. equality"" -> ""Friends/socializing, Mental health, Gender issues"""
human,"EDDY-057 Q3: normalized label/separator/case: raw=""Commentary/reaction content, Motivational/self-help content"" -> ""Motivational/self-help content, Commentary/reaction content"""
human,"EDDY-057 Q13: normalized label/separator/case: raw=""Presented as common sense, Anecdotal examples"" -> ""Anecdotal examples, Presented as common sense"""
human,"EDDY-057 Q7: normalized label/separator/case: raw=""Men need to be emotionally open, Men need to build community"" -> ""Men need to be emotionally open"""
human,"EDDY-057 Q10: normalized label/separator/case: raw=""Commentary/opinion, Motivational speech, Personal story"" -> ""Personal story, Commentary/opinion, Motivational speech"""
human,"EDDY-057 Q12: normalized label/separator/case: raw=""Cultural/social observations, Personal experience"" -> ""Personal experience, Cultural/social observations"""
human,"RIX-066 Q8: normalized label/separator/case: raw=""Mental health/emotional struggle, Family/children"" -> ""Mental health/emotional struggle"""
human,"RIX-066 Q2: normalized label/separator/case: raw=""Mental health, Social issues, e.g. corruption"" -> ""Mental health, Social issues"""
human,"RIX-066 Q13: normalized label/separator/case: raw=""References data, Presented as common sense"" -> ""Presented as common sense, References data"""
human,"RIX-066 Q12: normalized label/separator/case: raw=""Facts/statistics, Cultural/social observations"" -> ""Cultural/social observations, Facts/statistics"""
human,"EDDY-001 Q2: normalized label/separator/case: raw=""Money/status, Mental health, Family/children"" -> ""Family/children, Money/status, Mental health"""
human,"EDDY-027 Q8: normalized label/separator/case: raw=""Mental health/emotional struggle, Men’s behavior, General political/social/cultural problems, Kenyan or Nigerian political/social problems"" -> ""Kenyan or Nigerian political/social problems, Men's behavior, Mental health/emotional struggle"""
human,"EDDY-027 Q2: normalized label/separator/case: raw=""Mental health, Gender issues, e.g. equality, Friends/socializing"" -> ""Friends/socializing, Mental health, Gender issues"""
human,"EDDY-027 Q12: normalized label/separator/case: raw=""Cultural/social observations, Generalizations about men/women"" -> ""Generalizations about men/women, Cultural/social observations"""
human,"EDDY-032 Q8: normalized label/separator/case: raw=""Mental health/emotional struggle, General political/social/cultural problems"" -> ""Mental health/emotional struggle"""
human,"EDDY-032 Q2: normalized label/separator/case: raw=""Mental health, Gender issues, e.g. equality"" -> ""Mental health, Gender issues"""
human,"EDDY-032 Q12: normalized label/separator/case: raw=""Cultural/social observations, Generalizations about men/women"" -> ""Generalizations about men/women, Cultural/social observations"""
human,"EDDY-060 Q8: normalized label/separator/case: raw=""Mental health/emotional struggle, Men’s behavior"" -> ""Men's behavior, Mental health/emotional struggle"""
human,"EDDY-060 Q2: normalized label/separator/case: raw=""Friends/socializing, Mental health, Gender issues, e.g. equality"" -> ""Friends/socializing, Mental health, Gender issues"""
human,"RIX-004 Q8: normalized label/separator/case: raw=""Men’s behavior, Mental health/emotional struggle, Kenyan or Nigerian political/social problems"" -> ""Kenyan or Nigerian political/social problems, Men's behavior, Mental health/emotional struggle"""
human,"RIX-004 Q2: normalized label/separator/case: raw=""Friends/socializing, Mental health, Gender issues, e.g. equality"" -> ""Friends/socializing, Mental health, Gender issues"""
human,"RIX-004 Q9: normalized label/separator/case: raw=""Building community, More emotional growth/healing"" -> ""More emotional growth/healing, Building community"""
human,"RIX-042 Q8: normalized label/separator/case: raw=""Mental health/emotional struggle, Women/feminism, Men’s behavior"" -> ""Women/feminism, Men's behavior, Mental health/emotional struggle"""
human,"RIX-042 Q2: normalized label/separator/case: raw=""Gender issues, e.g. equality, Mental health, Dating/marriage"" -> ""Dating/marriage, Mental health, Gender issues"""
human,"RIX-073 Q8: normalized label/separator/case: raw=""Mental health/emotional struggle, Kenyan or Nigerian political/social problems, General political/social/cultural problems, Men’s behavior"" -> ""Kenyan or Nigerian political/social problems, Men's behavior, Mental health/emotional struggle"""
human,"RIX-073 Q2: normalized label/separator/case: raw=""Family/children, Mental health, Social issues, e.g. corruption"" -> ""Family/children, Mental health, Social issues"""
human,"RIX-073 Q10: normalized label/separator/case: raw=""Personal story, News/telling facts, Commentary/opinion"" -> ""Personal story, Commentary/opinion, News/telling facts"""
human,"RIX-077 Q2: normalized label/separator/case: raw=""Family/children, Mental health, Social issues, e.g. corruption"" -> ""Family/children, Mental health, Social issues"""
human,"RIX-087 Q8: normalized label/separator/case: raw=""Mental health/emotional struggle, General political/social/cultural problems, Men’s behavior"" -> ""Men's behavior, Mental health/emotional struggle"""
human,"RIX-087 Q2: normalized label/separator/case: raw=""Mental health, Social Issues, e.g. corruption, Gender issues, e.g. equality, Religion/morality"" -> ""Mental health, Gender issues, Social issues, Religion/morality"""
human,"RIX-087 Q9: normalized label/separator/case: raw=""Building community, More emotional growth/healing"" -> ""More emotional growth/healing, Building community"""
human,"PHIL-022 Q8: normalized label/separator/case: raw=""Kenyan or Nigerian political/social problems, General political/social/cultural problems"" -> ""Kenyan or Nigerian political/social problems"""
human,"PHIL-022 Q2: normalized label/separator/case: raw=""Gender issues, e.g. equality, Social issues, e.g. corruption"" -> ""Gender issues, Social issues"""
human,"PHIL-022 Q13: normalized label/separator/case: raw=""Presented as common sense, No justification, Other"" -> ""No justification, Presented as common sense, Other"""
human,"PHIL-024 Q8: normalized label/separator/case: raw=""Kenyan or Nigerian political/social problems, Women/feminism, General political/social/cultural problems"" -> ""Kenyan or Nigerian political/social problems, Women/feminism"""
human,"PHIL-024 Q2: normalized label/separator/case: raw=""Gender issues, e.g. equality, Social issues, e.g. corruption, Family/children"" -> ""Family/children, Gender issues, Social issues"""
human,"PHIL-024 Q10: normalized label/separator/case: raw=""Commentary/opinion, Advice/instruction"" -> ""Advice/instruction, Commentary/opinion"""
human,"PHIL-034 Q8: normalized label/separator/case: raw=""Women/feminism, General political/social/cultural problems"" -> ""Women/feminism"""
human,"PHIL-034 Q2: normalized label/separator/case: raw=""Gender issues, e.g. equality, Social issues, e.g. corruption"" -> ""Gender issues, Social issues"""
human,"PHIL-041 Q8: normalized label/separator/case: raw=""Kenyan or Nigerian political/social problems, General political/social/cultural problems"" -> ""Kenyan or Nigerian political/social problems"""
human,"PHIL-041 Q2: normalized label/separator/case: raw=""Social issues, e.g. corruption"" -> ""Social issues"""
human,"PHIL-041 Q10: normalized label/separator/case: raw=""Commentary/opinion, Advice/instruction"" -> ""Advice/instruction, Commentary/opinion"""
human,"KIBE-003 Q2: normalized label/separator/case: raw=""Dating/marriage, Gender issues, e.g. equality"" -> ""Dating/marriage, Gender issues"""
human,"KIBE-003 Q11: normalized label/separator/case: raw=""Self expression/identity construction, Entertainment/escapism, Status seeking"" -> ""Entertainment/escapism, Self expression/identity construction, Status seeking"""
human,"KIBE-003 Q13: normalized label/separator/case: raw=""Presented as common sense, No justification"" -> ""No justification, Presented as common sense"""
human,"KIBE-008 Q2: normalized label/separator/case: raw=""Dating/marriage, Money/status, Gender issues, e.g. equality, Religion/morality"" -> ""Dating/marriage, Money/status, Gender issues, Religion/morality"""
human,"KIBE-009 Q2: normalized label/separator/case: raw=""Money/status, Gender issues, Friends/socializing, Dating/marriage"" -> ""Dating/marriage, Friends/socializing, Money/status, Gender issues"""
human,"KIBE-009 Q9: normalized label/separator/case: raw=""More self-discipline/fitness, More wealth/status, Other"" -> ""More wealth/status, More self-discipline/fitness, Other"""
human,"KIBE-009 Q11: normalized label/separator/case: raw=""Self expression/identity construction, Status seeking, Entertainment/escapism"" -> ""Entertainment/escapism, Self expression/identity construction, Status seeking"""
human,"KIBE-009 Q3: normalized label/separator/case: raw=""Interview/conversational content, Commentary/reaction content, Motivational/self-help content"" -> ""Interview/conversational content, Motivational/self-help content, Commentary/reaction content"""
human,"KIBE-028 Q2: normalized label/separator/case: raw=""Gender issues, Religion/morality, Dating/marriage"" -> ""Dating/marriage, Gender issues, Religion/morality"""
human,"KIBE-028 Q11: normalized label/separator/case: raw=""Entertainment/escapism, Status seeking, Self expression/identity construction"" -> ""Entertainment/escapism, Self expression/identity construction, Status seeking"""
human,"KIBE-028 Q13: normalized label/separator/case: raw=""References religion/tradition, Presented as common sense"" -> ""Presented as common sense, References religion/tradition"""
human,"KIBE-028 Q12: normalized label/separator/case: raw=""Moral/religious claims, Generalizations about men/women"" -> ""Generalizations about men/women, Moral/religious claims"""
human,"KIBE-048 Q8: normalized label/separator/case: raw=""Women/feminism, General political/social/cultural problems, Other"" -> ""Women/feminism, Other"""
human,"KIBE-048 Q2: normalized label/separator/case: raw=""Gender issues, Dating/marriage, Social issues, Money/status"" -> ""Dating/marriage, Money/status, Gender issues, Social issues"""
human,"KIBE-048 Q11: normalized label/separator/case: raw=""Entertainment/escapism, Status seeking, Self expression/identity construction"" -> ""Entertainment/escapism, Self expression/identity construction, Status seeking"""
human,"KIBE-048 Q1A: normalized label/separator/case: raw=""Shares something surprising, Shares something sexual"" -> ""Shares something sexual, Shares something surprising"""
human,"KIBE-063 Q2: normalized label/separator/case: raw=""Dating/marriage, Gender issues, Family/children, Religion/morality"" -> ""Dating/marriage, Family/children, Gender issues, Religion/morality"""
human,"KIBE-063 Q11: normalized label/separator/case: raw=""Entertainment/escapism, Status seeking, Self expression/identity construction"" -> ""Entertainment/escapism, Self expression/identity construction, Status seeking"""
human,"KIBE-080 Q2: normalized label/separator/case: raw=""Dating/marriage, Gender issues, Family/children, Religion/morality"" -> ""Dating/marriage, Family/children, Gender issues, Religion/morality"""
human,"KIBE-080 Q11: normalized label/separator/case: raw=""Entertainment/escapism, Status seeking, Self expression/identity construction"" -> ""Entertainment/escapism, Self expression/identity construction, Status seeking"""
human,"KIBE-080 Q13: normalized label/separator/case: raw=""References religion/tradition, Presented as common sense"" -> ""Presented as common sense, References religion/tradition"""
human,"KIBE-080 Q12: normalized label/separator/case: raw=""Generalizations about men/women, Moral/religious claims, Cultural/social observations"" -> ""Generalizations about men/women, Cultural/social observations, Moral/religious claims"""
human,"KIBE-082 Q11: normalized label/separator/case: raw=""Entertainment/escapism, Status seeking, Self expression/identity construction"" -> ""Entertainment/escapism, Self expression/identity construction, Status seeking"""
human,"1951644655797362727 Q2: normalized label/separator/case: raw=""Gender issues, Dating/marriage, Mental health"" -> ""Dating/marriage, Mental health, Gender issues"""
human,"1951644655797362727 Q11: normalized label/separator/case: raw=""Information seeking, Status seeking, Self expression/identity construction"" -> ""Information seeking, Self expression/identity construction, Status seeking"""
human,"1951644655797362727 Q7: normalized label/separator/case: raw=""Men need to not show emotions, Men need to dominate/lead"" -> ""Men need to dominate/lead, Men need to not show emotions"""
human,"1954120691185250750 Q8: normalized label/separator/case: raw=""Men's behavior, Women/feminism"" -> ""Women/feminism, Men's behavior"""
human,"1954120691185250750 Q2: normalized label/separator/case: raw=""Gender issues, Dating/marriage"" -> ""Dating/marriage, Gender issues"""
human,"1969310581648654500 Q8: normalized label/separator/case: raw=""Men's behavior, Women/feminism, Other"" -> ""Women/feminism, Men's behavior, Other"""
human,"1969310581648654500 Q2: normalized label/separator/case: raw=""Gender issues, Dating/marriage, Religion/morality"" -> ""Dating/marriage, Gender issues, Religion/morality"""
human,"1969310581648654500 Q1A: normalized label/separator/case: raw=""Other, Shares something surprising"" -> ""Shares something surprising, Other"""
human,"1969310581648654500 Q13: normalized label/separator/case: raw=""References religion/tradition, Presented as common sense"" -> ""Presented as common sense, References religion/tradition"""
human,"2035265419842359420 Q8: normalized label/separator/case: raw=""Men's behavior, Women/feminism"" -> ""Women/feminism, Men's behavior"""
human,"2035265419842359420 Q2: normalized label/separator/case: raw=""Gender issues, Dating/marriage, Religion/morality"" -> ""Dating/marriage, Gender issues, Religion/morality"""
human,"2035265419842359420 Q13: normalized label/separator/case: raw=""References religion/tradition, Presented as common sense"" -> ""Presented as common sense, References religion/tradition"""
human,"2039621704155045988 Q8: normalized label/separator/case: raw=""Men's behavior, Women/feminism, Mental health/emotional struggle, Other"" -> ""Women/feminism, Men's behavior, Mental health/emotional struggle, Other"""
human,"2039621704155045988 Q2: normalized label/separator/case: raw=""Gender issues, Dating/marriage, Religion/morality, Social issues, Mental health"" -> ""Dating/marriage, Mental health, Gender issues, Social issues, Religion/morality"""
human,"2039621704155045988 Q1A: normalized label/separator/case: raw=""Use of all CAPS, Uses a news headline or social media trend as opener, Shares something surprising, Shares something sexual"" -> ""Use of all CAPS, Shares something sexual, Shares something surprising, Uses a news headline or social media trend as opener"""
human,"2039621704155045988 Q13: normalized label/separator/case: raw=""Presented as common sense, No justification, References data"" -> ""No justification, Presented as common sense, References data"""
human,"2039621704155045988 Q12: normalized label/separator/case: raw=""Generalizations about men/women, Moral/religious claims, Facts/statistics, Cultural/social observations"" -> ""Generalizations about men/women, Cultural/social observations, Facts/statistics, Moral/religious claims"""
human,"2040474881876267501 Q2: normalized label/separator/case: raw=""Money/status, Dating/marriage, Gender issues"" -> ""Dating/marriage, Money/status, Gender issues"""
human,"2040474881876267501 Q13: normalized label/separator/case: raw=""Presented as common sense, No justification"" -> ""No justification, Presented as common sense"""
human,"2047918654382112910 Q2: normalized label/separator/case: raw=""Religion/morality, Dating/marriage, Gender issues"" -> ""Dating/marriage, Gender issues, Religion/morality"""
human,"2047918654382112910 Q13: normalized label/separator/case: raw=""Presented as common sense, No justification"" -> ""No justification, Presented as common sense"""
human,"2047918654382112910 Q7: normalized label/separator/case: raw=""Men need to dominate/lead, Men need to not show emotion, Other"" -> ""Men need to dominate/lead, Other"""
human,"2048024608431804592 Q2: normalized label/separator/case: raw=""Religion/morality, Dating/marriage, Gender issues, Family/children"" -> ""Dating/marriage, Family/children, Gender issues, Religion/morality"""
human,"2048024608431804592 Q12: normalized label/separator/case: raw=""Moral/religious claims, Generalizations about men/women"" -> ""Generalizations about men/women, Moral/religious claims"""
human,"1951636792672661776 Q8: normalized label/separator/case: raw=""Women/feminism, General political/social/cultural problems, Other"" -> ""Women/feminism, Other"""
human,"1951636792672661776 Q2: normalized label/separator/case: raw=""Gender issues, Social issues, Friends/socializing, Other"" -> ""Friends/socializing, Gender issues, Social issues, Other"""
human,"EDDY-062 Q8: normalized label/separator/case: raw=""General political/social/cultural problems, Western political/social influence, Other"" -> ""Western political/social influence, Other"""
human,"EDDY-062 Q2: normalized label/separator/case: raw=""Gender issues, Social issues, Gaming/technology, Family/children"" -> ""Family/children, Gender issues, Social issues, Gaming/technology"""
human,"EDDY-037 Q10: normalized label/separator/case: raw=""Personal story, Advice/instruction"" -> ""Advice/instruction, Personal story"""
human,"RIX-026 Q2: normalized label/separator/case: raw=""Mental health, Social issues, e.g. corruption"" -> ""Mental health, Social issues"""
human,"RIX-078 Q8: normalized label/separator/case: raw=""Mental health/emotional struggle, Global political/social/cultural problems, Other"" -> ""Global political/social/cultural problems, Mental health/emotional struggle, Other"""
human,"RIX-078 Q2: normalized label/separator/case: raw=""Mental health, Social issues, e.g. corruption"" -> ""Mental health, Social issues"""
human,"RIX-078 Q12: normalized label/separator/case: raw=""Cultural/social observations, Personal experience"" -> ""Personal experience, Cultural/social observations"""
human,"RIX-085 Q2: normalized label/separator/case: raw=""Gender issues, e.g. equality, Mental health"" -> ""Mental health, Gender issues"""
human,"RIX-085 Q12: normalized label/separator/case: raw=""Stories about men/women, Personal experience"" -> ""Personal experience, Stories about men/women"""
human,"PHIL-016 Q2: normalized label/separator/case: raw=""Gender issues, e.g. equality, Social issues, e.g. corruption"" -> ""Gender issues, Social issues"""
human,"PHIL-020 Q2: normalized label/separator/case: raw=""Family/children, Gender issues, e.g. equality, Money/status"" -> ""Family/children, Money/status, Gender issues"""
human,"PHIL-021 Q8: normalized label/separator/case: raw=""Women/feminism, Kenyan or Nigerian political/social problems"" -> ""Kenyan or Nigerian political/social problems, Women/feminism"""
human,"PHIL-021 Q2: normalized label/separator/case: raw=""Family/children, Dating/marriage, Gender issues, e.g. equality"" -> ""Dating/marriage, Family/children, Gender issues"""
human,"PHIL-026 Q2: normalized label/separator/case: raw=""Gender issues, e.g. equality, Social issues, e.g. corruption"" -> ""Gender issues, Social issues"""
human,"PHIL-026 Q10: normalized label/separator/case: raw=""News/telling facts, Commentary/opinion"" -> ""Commentary/opinion, News/telling facts"""
human,"KIBE-005 Q2: normalized label/separator/case: raw=""Gender issues, e.g. equality"" -> ""Gender issues"""
human,"KIBE-005 Q10: normalized label/separator/case: raw=""Commentary/opinion, Personal story"" -> ""Personal story, Commentary/opinion"""
human,"KIBE-037 Q2: normalized label/separator/case: raw=""Friends/socializing, Dating/marriage"" -> ""Dating/marriage, Friends/socializing"""
human,"KIBE-037 Q12: normalized label/separator/case: raw=""Personal experience, Generalizations about men/women"" -> ""Generalizations about men/women, Personal experience"""
human,"KIBE-067 Q2: normalized label/separator/case: raw=""Family/children, Gender issues, e.g. equality"" -> ""Family/children, Gender issues"""
human,"KIBE-069 Q8: normalized label/separator/case: raw=""Women/feminism, Kenyan or Nigerian political/social problems"" -> ""Kenyan or Nigerian political/social problems, Women/feminism"""
human,"1976943608214212735 Q8: normalized label/separator/case: raw=""Women/feminism, Kenyan or Nigerian political/social problems"" -> ""Kenyan or Nigerian political/social problems, Women/feminism"""
human,"2035227655516061989 Q2: normalized label/separator/case: raw=""Money/status, Dating/marriage"" -> ""Dating/marriage, Money/status"""
human,"2035227655516061989 Q11: normalized label/separator/case: raw=""Status seeking, Self expression/identity construction"" -> ""Self expression/identity construction, Status seeking"""
human,"2040452017219310007 Q2: normalized label/separator/case: raw=""Dating/marriage, Gender issues, e.g. equality"" -> ""Dating/marriage, Gender issues"""
human,"2040452017219310007 Q9: normalized label/separator/case: raw=""More equality/respect for men, Assert dominance/control"" -> ""Assert dominance/control, More equality/respect for men"""
human,"2040452017219310007 Q18A: normalized label/separator/case: raw=""Calls for women to follow more traditional gender norm"" -> ""Calls for women to follow more traditional gender norms"""
human,"2047926330331684873 Q9: normalized label/separator/case: raw=""More self-discipline/fitness, More wealth/status"" -> ""More wealth/status, More self-discipline/fitness"""
human,"2047971502197195023 Q2: normalized label/separator/case: raw=""Family/children, Dating/marriage"" -> ""Dating/marriage, Family/children"""
human,"KIBE-036 Q12: normalized label/separator/case: raw=""Personal experience, Generalizations about men/women"" -> ""Generalizations about men/women, Personal experience"""
human,"KIBE-088 Q2: normalized label/separator/case: raw=""Gender issues, e.g. equality, Other"" -> ""Gender issues, Other"""
human,"EDDY-005 Q11: normalized label/separator/case: raw=""Connection/social interaction, self expression/identity construction, information seeking"" -> ""Information seeking, Connection/social interaction, Self expression/identity construction"""
human,"EDDY-017 Q11: normalized label/separator/case: raw=""Connection/social interaction, self expression/identity construction, information seeking"" -> ""Information seeking, Connection/social interaction, Self expression/identity construction"""
human,"EDDY-023 Q11: normalized label/separator/case: raw=""Connection/social interaction, self expression/identity construction, information seeking"" -> ""Information seeking, Connection/social interaction, Self expression/identity construction"""
human,"EDDY-035 Q11: normalized label/separator/case: raw=""Connection/social interaction, self expression/identity construction, information seeking"" -> ""Information seeking, Connection/social interaction, Self expression/identity construction"""
human,"EDDY-055 Q11: normalized label/separator/case: raw=""Connection/social interaction, entertainment/escapism"" -> ""Entertainment/escapism, Connection/social interaction"""
human,"RIX-018 Q11: normalized label/separator/case: raw=""Connection/social interaction, self expression/identity construction, information seeking"" -> ""Information seeking, Connection/social interaction, Self expression/identity construction"""
human,"RIX-018 Q7: normalized label/separator/case: raw=""Men need to be more emotionally open"" -> ""Men need to be emotionally open"""
human,"RIX-046 Q11: normalized label/separator/case: raw=""Connection/social interaction, self expression/identity construction, information seeking"" -> ""Information seeking, Connection/social interaction, Self expression/identity construction"""
human,"RIX-047 Q11: normalized label/separator/case: raw=""Connection/social interaction, self expression/identity construction, information seeking"" -> ""Information seeking, Connection/social interaction, Self expression/identity construction"""
human,"RIX-076 Q11: normalized label/separator/case: raw=""Connection/social interaction, self expression/identity construction, information seeking"" -> ""Information seeking, Connection/social interaction, Self expression/identity construction"""
human,"PHIL-006 Q11: normalized label/separator/case: raw=""Self expression/identity construction, information seeking"" -> ""Information seeking, Self expression/identity construction"""
human,"PHIL-014 Q11: normalized label/separator/case: raw=""Self expression/identity construction, information seeking"" -> ""Information seeking, Self expression/identity construction"""
human,"PHIL-015 Q11: normalized label/separator/case: raw=""Self expression/identity construction, information seeking"" -> ""Information seeking, Self expression/identity construction"""
human,"PHIL-023 Q11: normalized label/separator/case: raw=""Self expression/identity construction, information seeking"" -> ""Information seeking, Self expression/identity construction"""
human,"PHIL-031 Q11: normalized label/separator/case: raw=""Self expression/identity construction, information seeking"" -> ""Information seeking, Self expression/identity construction"""
human,"KIBE-034 Q3: normalized label/separator/case: raw=""Commentary/reaction content, interview/conversational content"" -> ""Interview/conversational content, Commentary/reaction content"""
human,"KIBE-079 Q3: normalized label/separator/case: raw=""Commentary/reaction content, interview/conversational content"" -> ""Interview/conversational content, Commentary/reaction content"""
human,"KIBE-083 Q3: normalized label/separator/case: raw=""Commentary/reaction content, interview/conversational content"" -> ""Interview/conversational content, Commentary/reaction content"""
human,"1951546068304314751 Q2: normalized label/separator/case: raw=""Dating/marriage, gender issues, money/status"" -> ""Dating/marriage, Money/status, Gender issues"""
human,"1951546068304314751 Q3: normalized label/separator/case: raw=""Commentary/reaction content, motivational/self-help content"" -> ""Motivational/self-help content, Commentary/reaction content"""
human,"1951546068304314751 Q10: normalized label/separator/case: raw=""Commentary/opinion, advice/instruction"" -> ""Advice/instruction, Commentary/opinion"""
human,"1951583978584002773 Q10: normalized label/separator/case: raw=""Commentary/opinion, advice/instruction"" -> ""Advice/instruction, Commentary/opinion"""
human,"1951659746303377415 Q3: normalized label/separator/case: raw=""Commentary/reaction content, motivational/self-help content"" -> ""Motivational/self-help content, Commentary/reaction content"""
human,"1951659746303377415 Q10: normalized label/separator/case: raw=""Commentary/opinion, advice/instruction"" -> ""Advice/instruction, Commentary/opinion"""
human,"1954860355793953085 Q3: normalized label/separator/case: raw=""Commentary/reaction content, interview/conversational content"" -> ""Interview/conversational content, Commentary/reaction content"""
human,"1954860355793953085 Q10: normalized label/separator/case: raw=""Commentary/opinion, advice/instruction"" -> ""Advice/instruction, Commentary/opinion"""
human,"1973440936542720469 Q3: normalized label/separator/case: raw=""Commentary/reaction content, motivational/self-help content"" -> ""Motivational/self-help content, Commentary/reaction content"""
human,"1973440936542720469 Q10: normalized label/separator/case: raw=""Commentary/opinion, advice/instruction"" -> ""Advice/instruction, Commentary/opinion"""
human,"2035235206035034470 Q3: normalized label/separator/case: raw=""Commentary/reaction content, motivational/self-help content"" -> ""Motivational/self-help content, Commentary/reaction content"""
human,"2035235206035034470 Q10: normalized label/separator/case: raw=""Commentary/opinion, advice/instruction"" -> ""Advice/instruction, Commentary/opinion"""
human,"2035333355189747989 Q3: normalized label/separator/case: raw=""Commentary/reaction content, motivational/self-help content"" -> ""Motivational/self-help content, Commentary/reaction content"""
human,"2035333355189747989 Q10: normalized label/separator/case: raw=""Commentary/opinion, advice/instruction"" -> ""Advice/instruction, Commentary/opinion"""
llm,"RIX-002 Q13: normalized label/separator/case: raw=""References external sources"" -> ""References external sources such as other influencers"""
